Date,WordCount,Project,Genre,Event,Goal
2021-11-01,10094,TPOP Book 3: The Magnetism of Madness,Science Fiction,NaNoWriMo 2021,"50,000 WORDS"
2021-11-02,5151,TPOP Book 3: The Magnetism of Madness,Science Fiction,NaNoWriMo 2021,"50,000 WORDS"
2021-11-03,3084,TPOP Book 3: The Magnetism of Madness,Science Fiction,NaNoWriMo 2021,"50,000 WORDS"
2021-11-04,5039,TPOP Book 3: The Magnetism of Madness,Science Fiction,NaNoWriMo 2021,"50,000 WORDS"
2021-11-05,5690,TPOP Book 3: The Magnetism of Madness,Science Fiction,NaNoWriMo 2021,"50,000 WORDS"
2021-11-06,11021,TPOP Book 3: The Magnetism of Madness,Science Fiction,NaNoWriMo 2021,"50,000 WORDS"
2021-11-07,10044,TPOP Book 3: The Magnetism of Madness,Science Fiction,NaNoWriMo 2021,"50,000 WORDS"
2021-11-08,2071,TPOP Book 3: The Magnetism of Madness,Science Fiction,NaNoWriMo 2021,"50,000 WORDS"
2021-11-09,2051,TPOP Book 3: The Magnetism of Madness,Science Fiction,NaNoWriMo 2021,"50,000 WORDS"
2021-11-10,4805,TPOP Book 3: The Magnetism of Madness,Science Fiction,NaNoWriMo 2021,"50,000 WORDS"
2021-11-11,2505,TPOP Book 3: The Magnetism of Madness,Science Fiction,NaNoWriMo 2021,"50,000 WORDS"
2021-11-12,2458,TPOP Book 3: The Magnetism of Madness,Science Fiction,NaNoWriMo 2021,"50,000 WORDS"
2021-11-13,3696,TPOP Book 3: The Magnetism of Madness,Science Fiction,NaNoWriMo 2021,"50,000 WORDS"
2021-11-14,1931,TPOP Book 3: The Magnetism of Madness,Science Fiction,NaNoWriMo 2021,"50,000 WORDS"
2021-11-15,1763,TPOP Book 3: The Magnetism of Madness,Science Fiction,NaNoWriMo 2021,"50,000 WORDS"
2021-11-16,4013,TPOP Book 3: The Magnetism of Madness,Science Fiction,NaNoWriMo 2021,"50,000 WORDS"
2021-11-17,1686,TPOP Book 3: The Magnetism of Madness,Science Fiction,NaNoWriMo 2021,"50,000 WORDS"
2021-11-18,1846,TPOP Book 3: The Magnetism of Madness,Science Fiction,NaNoWriMo 2021,"50,000 WORDS"
2021-11-19,2092,TPOP Book 3: The Magnetism of Madness,Science Fiction,NaNoWriMo 2021,"50,000 WORDS"
2021-11-20,3618,TPOP Book 3: The Magnetism of Madness,Science Fiction,NaNoWriMo 2021,"50,000 WORDS"
2021-11-21,2511,TPOP Book 3: The Magnetism of Madness,Science Fiction,NaNoWriMo 2021,"50,000 WORDS"
2021-11-22,1729,TPOP Book 3: The Magnetism of Madness,Science Fiction,NaNoWriMo 2021,"50,000 WORDS"
2021-11-23,1778,TPOP Book 3: The Magnetism of Madness,Science Fiction,NaNoWriMo 2021,"50,000 WORDS"
2021-11-24,1668,TPOP Book 3: The Magnetism of Madness,Science Fiction,NaNoWriMo 2021,"50,000 WORDS"
2021-11-25,1705,TPOP Book 3: The Magnetism of Madness,Science Fiction,NaNoWriMo 2021,"50,000 WORDS"
2021-11-26,3125,TPOP Book 3: The Magnetism of Madness,Science Fiction,NaNoWriMo 2021,"50,000 WORDS"
2021-11-27,2957,TPOP Book 3: The Magnetism of Madness,Science Fiction,NaNoWriMo 2021,"50,000 WORDS"
2021-11-28,1681,TPOP Book 3: The Magnetism of Madness,Science Fiction,NaNoWriMo 2021,"50,000 WORDS"
2021-11-29,1866,TPOP Book 3: The Magnetism of Madness,Science Fiction,NaNoWriMo 2021,"50,000 WORDS"
2021-11-30,1697,TPOP Book 3: The Magnetism of Madness,Science Fiction,NaNoWriMo 2021,"50,000 WORDS"
2021-07-01,298,The Physics of Phantoms (Rewrite),Science Fiction,Camp NaNoWriMo July 2021,"20,000 WORDS"
2021-07-02,658,The Physics of Phantoms (Rewrite),Science Fiction,Camp NaNoWriMo July 2021,"20,000 WORDS"
2021-07-03,1787,The Physics of Phantoms (Rewrite),Science Fiction,Camp NaNoWriMo July 2021,"20,000 WORDS"
2021-07-04,562,The Physics of Phantoms (Rewrite),Science Fiction,Camp NaNoWriMo July 2021,"20,000 WORDS"
2021-07-05,657,The Physics of Phantoms (Rewrite),Science Fiction,Camp NaNoWriMo July 2021,"20,000 WORDS"
2021-07-07,1044,The Physics of Phantoms (Rewrite),Science Fiction,Camp NaNoWriMo July 2021,"20,000 WORDS"
2021-07-08,169,The Physics of Phantoms (Rewrite),Science Fiction,Camp NaNoWriMo July 2021,"20,000 WORDS"
2021-07-09,856,The Physics of Phantoms (Rewrite),Science Fiction,Camp NaNoWriMo July 2021,"20,000 WORDS"
2021-07-10,2897,The Physics of Phantoms (Rewrite),Science Fiction,Camp NaNoWriMo July 2021,"20,000 WORDS"
2021-07-11,1955,The Physics of Phantoms (Rewrite),Science Fiction,Camp NaNoWriMo July 2021,"20,000 WORDS"
2021-07-14,474,The Physics of Phantoms (Rewrite),Science Fiction,Camp NaNoWriMo July 2021,"20,000 WORDS"
2021-07-19,1431,The Physics of Phantoms (Rewrite),Science Fiction,Camp NaNoWriMo July 2021,"20,000 WORDS"
2021-07-23,1066,The Physics of Phantoms (Rewrite),Science Fiction,Camp NaNoWriMo July 2021,"20,000 WORDS"
2021-07-25,604,The Physics of Phantoms (Rewrite),Science Fiction,Camp NaNoWriMo July 2021,"20,000 WORDS"
2021-07-29,726,The Physics of Phantoms (Rewrite),Science Fiction,Camp NaNoWriMo July 2021,"20,000 WORDS"
2021-04-01,2725,Remnants of a Wasted Youth,Mainstream,Camp NaNoWriMo April 2021,"20,000 WORDS"
2021-04-02,774,Remnants of a Wasted Youth,Mainstream,Camp NaNoWriMo April 2021,"20,000 WORDS"
2021-04-03,1773,Remnants of a Wasted Youth,Mainstream,Camp NaNoWriMo April 2021,"20,000 WORDS"
2021-04-04,904,Remnants of a Wasted Youth,Mainstream,Camp NaNoWriMo April 2021,"20,000 WORDS"
2021-04-05,1040,Remnants of a Wasted Youth,Mainstream,Camp NaNoWriMo April 2021,"20,000 WORDS"
2021-04-06,1062,Remnants of a Wasted Youth,Mainstream,Camp NaNoWriMo April 2021,"20,000 WORDS"
2021-04-07,936,Remnants of a Wasted Youth,Mainstream,Camp NaNoWriMo April 2021,"20,000 WORDS"
2021-04-08,696,Remnants of a Wasted Youth,Mainstream,Camp NaNoWriMo April 2021,"20,000 WORDS"
2021-04-09,1462,Remnants of a Wasted Youth,Mainstream,Camp NaNoWriMo April 2021,"20,000 WORDS"
2021-04-10,1243,Remnants of a Wasted Youth,Mainstream,Camp NaNoWriMo April 2021,"20,000 WORDS"
2021-04-11,242,Remnants of a Wasted Youth,Mainstream,Camp NaNoWriMo April 2021,"20,000 WORDS"
2021-04-12,433,Remnants of a Wasted Youth,Mainstream,Camp NaNoWriMo April 2021,"20,000 WORDS"
2021-04-13,333,Remnants of a Wasted Youth,Mainstream,Camp NaNoWriMo April 2021,"20,000 WORDS"
2021-04-14,112,Remnants of a Wasted Youth,Mainstream,Camp NaNoWriMo April 2021,"20,000 WORDS"
2021-04-16,395,Remnants of a Wasted Youth,Mainstream,Camp NaNoWriMo April 2021,"20,000 WORDS"
2021-04-30,6058,Remnants of a Wasted Youth,Mainstream,Camp NaNoWriMo April 2021,"20,000 WORDS"
2020-11-01,5009,TPOP Book 2: The Dynamics of Deception,Science Fiction,NaNoWriMo 2020,"50,000 WORDS"
2020-11-02,1357,TPOP Book 2: The Dynamics of Deception,Science Fiction,NaNoWriMo 2020,"50,000 WORDS"
2020-11-03,3677,TPOP Book 2: The Dynamics of Deception,Science Fiction,NaNoWriMo 2020,"50,000 WORDS"
2020-11-04,1183,TPOP Book 2: The Dynamics of Deception,Science Fiction,NaNoWriMo 2020,"50,000 WORDS"
2020-11-05,1493,TPOP Book 2: The Dynamics of Deception,Science Fiction,NaNoWriMo 2020,"50,000 WORDS"
2020-11-06,3036,TPOP Book 2: The Dynamics of Deception,Science Fiction,NaNoWriMo 2020,"50,000 WORDS"
2020-11-07,1325,TPOP Book 2: The Dynamics of Deception,Science Fiction,NaNoWriMo 2020,"50,000 WORDS"
2020-11-08,3924,TPOP Book 2: The Dynamics of Deception,Science Fiction,NaNoWriMo 2020,"50,000 WORDS"
2020-11-09,1292,TPOP Book 2: The Dynamics of Deception,Science Fiction,NaNoWriMo 2020,"50,000 WORDS"
2020-11-10,2785,TPOP Book 2: The Dynamics of Deception,Science Fiction,NaNoWriMo 2020,"50,000 WORDS"
2020-11-11,1440,TPOP Book 2: The Dynamics of Deception,Science Fiction,NaNoWriMo 2020,"50,000 WORDS"
2020-11-12,1623,TPOP Book 2: The Dynamics of Deception,Science Fiction,NaNoWriMo 2020,"50,000 WORDS"
2020-11-13,1870,TPOP Book 2: The Dynamics of Deception,Science Fiction,NaNoWriMo 2020,"50,000 WORDS"
2020-11-14,703,TPOP Book 2: The Dynamics of Deception,Science Fiction,NaNoWriMo 2020,"50,000 WORDS"
2020-11-15,1006,TPOP Book 2: The Dynamics of Deception,Science Fiction,NaNoWriMo 2020,"50,000 WORDS"
2020-11-16,4678,TPOP Book 2: The Dynamics of Deception,Science Fiction,NaNoWriMo 2020,"50,000 WORDS"
2020-11-17,1650,TPOP Book 2: The Dynamics of Deception,Science Fiction,NaNoWriMo 2020,"50,000 WORDS"
2020-11-18,2055,TPOP Book 2: The Dynamics of Deception,Science Fiction,NaNoWriMo 2020,"50,000 WORDS"
2020-11-19,1266,TPOP Book 2: The Dynamics of Deception,Science Fiction,NaNoWriMo 2020,"50,000 WORDS"
2020-11-20,751,TPOP Book 2: The Dynamics of Deception,Science Fiction,NaNoWriMo 2020,"50,000 WORDS"
2020-11-21,2904,TPOP Book 2: The Dynamics of Deception,Science Fiction,NaNoWriMo 2020,"50,000 WORDS"
2020-11-22,4994,TPOP Book 2: The Dynamics of Deception,Science Fiction,NaNoWriMo 2020,"50,000 WORDS"
2020-11-23,992,TPOP Book 2: The Dynamics of Deception,Science Fiction,NaNoWriMo 2020,"50,000 WORDS"
2020-11-24,2125,TPOP Book 2: The Dynamics of Deception,Science Fiction,NaNoWriMo 2020,"50,000 WORDS"
2020-11-25,434,TPOP Book 2: The Dynamics of Deception,Science Fiction,NaNoWriMo 2020,"50,000 WORDS"
2020-11-26,2446,TPOP Book 2: The Dynamics of Deception,Science Fiction,NaNoWriMo 2020,"50,000 WORDS"
2020-11-27,3383,TPOP Book 2: The Dynamics of Deception,Science Fiction,NaNoWriMo 2020,"50,000 WORDS"
2020-11-28,2602,TPOP Book 2: The Dynamics of Deception,Science Fiction,NaNoWriMo 2020,"50,000 WORDS"
2020-11-29,1378,TPOP Book 2: The Dynamics of Deception,Science Fiction,NaNoWriMo 2020,"50,000 WORDS"
2020-11-30,4144,TPOP Book 2: The Dynamics of Deception,Science Fiction,NaNoWriMo 2020,"50,000 WORDS"
2020-04-01,589,Perfect Darkness,Mystery,Camp NaNoWriMo April 2020,"25,000 WORDS"
2020-04-02,618,Perfect Darkness,Mystery,Camp NaNoWriMo April 2020,"25,000 WORDS"
2020-04-03,892,Perfect Darkness,Mystery,Camp NaNoWriMo April 2020,"25,000 WORDS"
2020-04-04,550,Perfect Darkness,Mystery,Camp NaNoWriMo April 2020,"25,000 WORDS"
2020-04-07,548,Perfect Darkness,Mystery,Camp NaNoWriMo April 2020,"25,000 WORDS"
2020-04-12,442,Perfect Darkness,Mystery,Camp NaNoWriMo April 2020,"25,000 WORDS"
2020-04-14,197,Perfect Darkness,Mystery,Camp NaNoWriMo April 2020,"25,000 WORDS"
2020-04-19,1019,Perfect Darkness,Mystery,Camp NaNoWriMo April 2020,"25,000 WORDS"
2020-04-20,714,Perfect Darkness,Mystery,Camp NaNoWriMo April 2020,"25,000 WORDS"
2020-04-21,886,Perfect Darkness,Mystery,Camp NaNoWriMo April 2020,"25,000 WORDS"
2020-04-22,941,Perfect Darkness,Mystery,Camp NaNoWriMo April 2020,"25,000 WORDS"
2020-04-27,1059,Perfect Darkness,Mystery,Camp NaNoWriMo April 2020,"25,000 WORDS"
2019-11-01,5070,Nowhere and Nobody,Mainstream Fiction,NaNoWriMo 2019,"50,000 WORDS"
2019-11-02,249,Nowhere and Nobody,Mainstream Fiction,NaNoWriMo 2019,"50,000 WORDS"
2019-11-03,4835,Nowhere and Nobody,Mainstream Fiction,NaNoWriMo 2019,"50,000 WORDS"
2019-11-04,1856,Nowhere and Nobody,Mainstream Fiction,NaNoWriMo 2019,"50,000 WORDS"
2019-11-05,667,Nowhere and Nobody,Mainstream Fiction,NaNoWriMo 2019,"50,000 WORDS"
2019-11-06,1271,Nowhere and Nobody,Mainstream Fiction,NaNoWriMo 2019,"50,000 WORDS"
2019-11-07,834,Nowhere and Nobody,Mainstream Fiction,NaNoWriMo 2019,"50,000 WORDS"
2019-11-08,1767,Nowhere and Nobody,Mainstream Fiction,NaNoWriMo 2019,"50,000 WORDS"
2019-11-09,1583,Nowhere and Nobody,Mainstream Fiction,NaNoWriMo 2019,"50,000 WORDS"
2019-11-10,1888,Nowhere and Nobody,Mainstream Fiction,NaNoWriMo 2019,"50,000 WORDS"
2019-11-11,1980,Nowhere and Nobody,Mainstream Fiction,NaNoWriMo 2019,"50,000 WORDS"
2019-11-12,3052,Nowhere and Nobody,Mainstream Fiction,NaNoWriMo 2019,"50,000 WORDS"
2019-11-13,264,Nowhere and Nobody,Mainstream Fiction,NaNoWriMo 2019,"50,000 WORDS"
2019-11-14,1779,Nowhere and Nobody,Mainstream Fiction,NaNoWriMo 2019,"50,000 WORDS"
2019-11-15,1647,Nowhere and Nobody,Mainstream Fiction,NaNoWriMo 2019,"50,000 WORDS"
2019-11-16,2360,Nowhere and Nobody,Mainstream Fiction,NaNoWriMo 2019,"50,000 WORDS"
2019-11-17,1669,Nowhere and Nobody,Mainstream Fiction,NaNoWriMo 2019,"50,000 WORDS"
2019-11-18,1863,Nowhere and Nobody,Mainstream Fiction,NaNoWriMo 2019,"50,000 WORDS"
2019-11-19,1066,Nowhere and Nobody,Mainstream Fiction,NaNoWriMo 2019,"50,000 WORDS"
2019-11-20,1519,Nowhere and Nobody,Mainstream Fiction,NaNoWriMo 2019,"50,000 WORDS"
2019-11-21,1872,Nowhere and Nobody,Mainstream Fiction,NaNoWriMo 2019,"50,000 WORDS"
2019-11-22,946,Nowhere and Nobody,Mainstream Fiction,NaNoWriMo 2019,"50,000 WORDS"
2019-11-23,149,Nowhere and Nobody,Mainstream Fiction,NaNoWriMo 2019,"50,000 WORDS"
2019-11-24,1931,Nowhere and Nobody,Mainstream Fiction,NaNoWriMo 2019,"50,000 WORDS"
2019-11-25,1468,Nowhere and Nobody,Mainstream Fiction,NaNoWriMo 2019,"50,000 WORDS"
2019-11-26,86,Nowhere and Nobody,Mainstream Fiction,NaNoWriMo 2019,"50,000 WORDS"
2019-11-27,676,Nowhere and Nobody,Mainstream Fiction,NaNoWriMo 2019,"50,000 WORDS"
2019-11-28,6573,Nowhere and Nobody,Mainstream Fiction,NaNoWriMo 2019,"50,000 WORDS"
2019-11-29,251,Nowhere and Nobody,Mainstream Fiction,NaNoWriMo 2019,"50,000 WORDS"
2019-11-30,44,Nowhere and Nobody,Mainstream Fiction,NaNoWriMo 2019,"50,000 WORDS"
2018-11-01,1824,And They Were Roommates,LGBT+,NaNoWriMo 2018,"50,000 WORDS"
2018-11-02,1863,And They Were Roommates,LGBT+,NaNoWriMo 2018,"50,000 WORDS"
2018-11-04,3056,And They Were Roommates,LGBT+,NaNoWriMo 2018,"50,000 WORDS"
2018-11-06,1326,And They Were Roommates,LGBT+,NaNoWriMo 2018,"50,000 WORDS"
2018-11-07,1608,And They Were Roommates,LGBT+,NaNoWriMo 2018,"50,000 WORDS"
2018-11-10,1716,And They Were Roommates,LGBT+,NaNoWriMo 2018,"50,000 WORDS"
2018-11-11,3139,And They Were Roommates,LGBT+,NaNoWriMo 2018,"50,000 WORDS"
2018-11-13,2469,And They Were Roommates,LGBT+,NaNoWriMo 2018,"50,000 WORDS"
2018-11-17,2602,And They Were Roommates,LGBT+,NaNoWriMo 2018,"50,000 WORDS"
2018-11-18,3540,And They Were Roommates,LGBT+,NaNoWriMo 2018,"50,000 WORDS"
2018-11-19,1114,And They Were Roommates,LGBT+,NaNoWriMo 2018,"50,000 WORDS"
2018-11-20,989,And They Were Roommates,LGBT+,NaNoWriMo 2018,"50,000 WORDS"
2018-11-22,5034,And They Were Roommates,LGBT+,NaNoWriMo 2018,"50,000 WORDS"
2018-11-23,2328,And They Were Roommates,LGBT+,NaNoWriMo 2018,"50,000 WORDS"
2018-11-25,2436,And They Were Roommates,LGBT+,NaNoWriMo 2018,"50,000 WORDS"
2018-11-27,3966,And They Were Roommates,LGBT+,NaNoWriMo 2018,"50,000 WORDS"
2018-11-28,2031,And They Were Roommates,LGBT+,NaNoWriMo 2018,"50,000 WORDS"
2018-11-29,3184,And They Were Roommates,LGBT+,NaNoWriMo 2018,"50,000 WORDS"
2018-11-30,5885,And They Were Roommates,LGBT+,NaNoWriMo 2018,"50,000 WORDS"
2018-06-30,2290,Forever and a Day,Mainstream,Camp NaNoWriMo July 2018,"15,000 WORDS"
2018-07-04,2336,Forever and a Day,Mainstream,Camp NaNoWriMo July 2018,"15,000 WORDS"
2018-07-07,821,Forever and a Day,Mainstream,Camp NaNoWriMo July 2018,"15,000 WORDS"
2018-07-12,1937,Forever and a Day,Mainstream,Camp NaNoWriMo July 2018,"15,000 WORDS"
2018-07-13,773,Forever and a Day,Mainstream,Camp NaNoWriMo July 2018,"15,000 WORDS"
2018-07-14,741,Forever and a Day,Mainstream,Camp NaNoWriMo July 2018,"15,000 WORDS"
2018-07-15,670,Forever and a Day,Mainstream,Camp NaNoWriMo July 2018,"15,000 WORDS"
2018-07-19,625,Forever and a Day,Mainstream,Camp NaNoWriMo July 2018,"15,000 WORDS"
2018-07-22,1527,Forever and a Day,Mainstream,Camp NaNoWriMo July 2018,"15,000 WORDS"
2018-07-24,502,Forever and a Day,Mainstream,Camp NaNoWriMo July 2018,"15,000 WORDS"
2018-07-26,1481,Forever and a Day,Mainstream,Camp NaNoWriMo July 2018,"15,000 WORDS"
2018-07-30,1394,Forever and a Day,Mainstream,Camp NaNoWriMo July 2018,"15,000 WORDS"
2018-03-31,2436,Away with You,Young Adult,Camp NaNoWriMo April 2018,"20,000 WORDS"
2018-04-21,3608,Away with You,Young Adult,Camp NaNoWriMo April 2018,"20,000 WORDS"
2017-11-01,1999,From Tainted Blood,Literary,NaNoWriMo 2017,"50,000 WORDS"
2017-11-02,1349,From Tainted Blood,Literary,NaNoWriMo 2017,"50,000 WORDS"
2017-11-03,0,From Tainted Blood,Literary,NaNoWriMo 2017,"50,000 WORDS"
2017-11-04,0,From Tainted Blood,Literary,NaNoWriMo 2017,"50,000 WORDS"
2017-11-05,0,From Tainted Blood,Literary,NaNoWriMo 2017,"50,000 WORDS"
2017-11-06,671,From Tainted Blood,Literary,NaNoWriMo 2017,"50,000 WORDS"
2017-11-07,0,From Tainted Blood,Literary,NaNoWriMo 2017,"50,000 WORDS"
2017-11-08,0,From Tainted Blood,Literary,NaNoWriMo 2017,"50,000 WORDS"
2017-11-09,1813,From Tainted Blood,Literary,NaNoWriMo 2017,"50,000 WORDS"
2017-11-10,0,From Tainted Blood,Literary,NaNoWriMo 2017,"50,000 WORDS"
2017-11-11,0,From Tainted Blood,Literary,NaNoWriMo 2017,"50,000 WORDS"
2017-11-12,2390,From Tainted Blood,Literary,NaNoWriMo 2017,"50,000 WORDS"
2017-11-13,739,From Tainted Blood,Literary,NaNoWriMo 2017,"50,000 WORDS"
2017-11-14,1202,From Tainted Blood,Literary,NaNoWriMo 2017,"50,000 WORDS"
2017-11-15,2041,From Tainted Blood,Literary,NaNoWriMo 2017,"50,000 WORDS"
2017-11-16,223,From Tainted Blood,Literary,NaNoWriMo 2017,"50,000 WORDS"
2017-11-17,1771,From Tainted Blood,Literary,NaNoWriMo 2017,"50,000 WORDS"
2017-06-30,1243,The King of Starlight,Science Fiction,Camp NaNoWriMo July 2017,"20,000 WORDS"
2017-07-02,589,The King of Starlight,Science Fiction,Camp NaNoWriMo July 2017,"20,000 WORDS"
2017-07-04,1364,The King of Starlight,Science Fiction,Camp NaNoWriMo July 2017,"20,000 WORDS"
2017-07-05,672,The King of Starlight,Science Fiction,Camp NaNoWriMo July 2017,"20,000 WORDS"
2017-07-07,996,The King of Starlight,Science Fiction,Camp NaNoWriMo July 2017,"20,000 WORDS"
2017-07-09,464,The King of Starlight,Science Fiction,Camp NaNoWriMo July 2017,"20,000 WORDS"
2017-07-12,394,The King of Starlight,Science Fiction,Camp NaNoWriMo July 2017,"20,000 WORDS"
2017-07-13,674,The King of Starlight,Science Fiction,Camp NaNoWriMo July 2017,"20,000 WORDS"
2017-07-15,1176,The King of Starlight,Science Fiction,Camp NaNoWriMo July 2017,"20,000 WORDS"
2017-07-16,709,The King of Starlight,Science Fiction,Camp NaNoWriMo July 2017,"20,000 WORDS"
2017-07-17,823,The King of Starlight,Science Fiction,Camp NaNoWriMo July 2017,"20,000 WORDS"
2017-07-18,2041,The King of Starlight,Science Fiction,Camp NaNoWriMo July 2017,"20,000 WORDS"
2017-07-19,1918,The King of Starlight,Science Fiction,Camp NaNoWriMo July 2017,"20,000 WORDS"
2017-07-21,0,The King of Starlight,Science Fiction,Camp NaNoWriMo July 2017,"20,000 WORDS"
2017-07-23,1153,The King of Starlight,Science Fiction,Camp NaNoWriMo July 2017,"20,000 WORDS"
2017-07-29,976,The King of Starlight,Science Fiction,Camp NaNoWriMo July 2017,"20,000 WORDS"
2017-07-30,4845,The King of Starlight,Science Fiction,Camp NaNoWriMo July 2017,"20,000 WORDS"
2016-11-01,1065,The Physics of Phantoms,Science Fiction,NaNoWriMo 2016,"50,000 WORDS"
2016-11-03,2144,The Physics of Phantoms,Science Fiction,NaNoWriMo 2016,"50,000 WORDS"
2016-11-04,3552,The Physics of Phantoms,Science Fiction,NaNoWriMo 2016,"50,000 WORDS"
2016-11-05,386,The Physics of Phantoms,Science Fiction,NaNoWriMo 2016,"50,000 WORDS"
2016-11-06,3961,The Physics of Phantoms,Science Fiction,NaNoWriMo 2016,"50,000 WORDS"
2016-11-07,914,The Physics of Phantoms,Science Fiction,NaNoWriMo 2016,"50,000 WORDS"
2016-11-08,807,The Physics of Phantoms,Science Fiction,NaNoWriMo 2016,"50,000 WORDS"
2016-11-09,573,The Physics of Phantoms,Science Fiction,NaNoWriMo 2016,"50,000 WORDS"
2016-11-10,1790,The Physics of Phantoms,Science Fiction,NaNoWriMo 2016,"50,000 WORDS"
2016-11-11,3478,The Physics of Phantoms,Science Fiction,NaNoWriMo 2016,"50,000 WORDS"
2016-11-12,1457,The Physics of Phantoms,Science Fiction,NaNoWriMo 2016,"50,000 WORDS"
2016-11-13,3094,The Physics of Phantoms,Science Fiction,NaNoWriMo 2016,"50,000 WORDS"
2016-11-14,2864,The Physics of Phantoms,Science Fiction,NaNoWriMo 2016,"50,000 WORDS"
2016-11-15,622,The Physics of Phantoms,Science Fiction,NaNoWriMo 2016,"50,000 WORDS"
2016-11-16,280,The Physics of Phantoms,Science Fiction,NaNoWriMo 2016,"50,000 WORDS"
2016-11-17,1097,The Physics of Phantoms,Science Fiction,NaNoWriMo 2016,"50,000 WORDS"
2016-11-19,2827,The Physics of Phantoms,Science Fiction,NaNoWriMo 2016,"50,000 WORDS"
2016-11-20,4103,The Physics of Phantoms,Science Fiction,NaNoWriMo 2016,"50,000 WORDS"
2016-11-23,360,The Physics of Phantoms,Science Fiction,NaNoWriMo 2016,"50,000 WORDS"
2016-11-24,327,The Physics of Phantoms,Science Fiction,NaNoWriMo 2016,"50,000 WORDS"
2016-11-25,397,The Physics of Phantoms,Science Fiction,NaNoWriMo 2016,"50,000 WORDS"
2016-11-26,4108,The Physics of Phantoms,Science Fiction,NaNoWriMo 2016,"50,000 WORDS"
2016-11-27,2615,The Physics of Phantoms,Science Fiction,NaNoWriMo 2016,"50,000 WORDS"
2016-11-28,1278,The Physics of Phantoms,Science Fiction,NaNoWriMo 2016,"50,000 WORDS"
2016-11-29,6141,The Physics of Phantoms,Science Fiction,NaNoWriMo 2016,"50,000 WORDS"
2016-11-30,3151,The Physics of Phantoms,Science Fiction,NaNoWriMo 2016,"50,000 WORDS"
2016-03-31,991,I Brought You a Rose,Mainstream,Camp NaNoWriMo April 2016,"20,000 WORDS"
2016-04-01,702,I Brought You a Rose,Mainstream,Camp NaNoWriMo April 2016,"20,000 WORDS"
2016-04-02,1364,I Brought You a Rose,Mainstream,Camp NaNoWriMo April 2016,"20,000 WORDS"
2016-04-03,398,I Brought You a Rose,Mainstream,Camp NaNoWriMo April 2016,"20,000 WORDS"
2016-04-04,1775,I Brought You a Rose,Mainstream,Camp NaNoWriMo April 2016,"20,000 WORDS"
2016-04-05,1324,I Brought You a Rose,Mainstream,Camp NaNoWriMo April 2016,"20,000 WORDS"
2016-04-06,475,I Brought You a Rose,Mainstream,Camp NaNoWriMo April 2016,"20,000 WORDS"
2016-04-07,1037,I Brought You a Rose,Mainstream,Camp NaNoWriMo April 2016,"20,000 WORDS"
2016-04-08,764,I Brought You a Rose,Mainstream,Camp NaNoWriMo April 2016,"20,000 WORDS"
2016-04-09,879,I Brought You a Rose,Mainstream,Camp NaNoWriMo April 2016,"20,000 WORDS"
2016-04-10,1623,I Brought You a Rose,Mainstream,Camp NaNoWriMo April 2016,"20,000 WORDS"
2016-04-11,442,I Brought You a Rose,Mainstream,Camp NaNoWriMo April 2016,"20,000 WORDS"
2016-04-14,571,I Brought You a Rose,Mainstream,Camp NaNoWriMo April 2016,"20,000 WORDS"
2016-04-15,463,I Brought You a Rose,Mainstream,Camp NaNoWriMo April 2016,"20,000 WORDS"
2016-04-16,945,I Brought You a Rose,Mainstream,Camp NaNoWriMo April 2016,"20,000 WORDS"
2016-04-18,1247,I Brought You a Rose,Mainstream,Camp NaNoWriMo April 2016,"20,000 WORDS"
2016-04-22,355,I Brought You a Rose,Mainstream,Camp NaNoWriMo April 2016,"20,000 WORDS"
2016-04-23,336,I Brought You a Rose,Mainstream,Camp NaNoWriMo April 2016,"20,000 WORDS"
2016-04-24,1567,I Brought You a Rose,Mainstream,Camp NaNoWriMo April 2016,"20,000 WORDS"
2016-04-25,2904,I Brought You a Rose,Mainstream,Camp NaNoWriMo April 2016,"20,000 WORDS"
2015-11-01,7006,FAD Book 1: Forever and a Day,Mainstream,NaNoWriMo 2015,"50,000 WORDS"
2015-11-02,3515,FAD Book 1: Forever and a Day,Mainstream,NaNoWriMo 2015,"50,000 WORDS"
2015-11-03,3000,FAD Book 1: Forever and a Day,Mainstream,NaNoWriMo 2015,"50,000 WORDS"
2015-11-04,3105,FAD Book 1: Forever and a Day,Mainstream,NaNoWriMo 2015,"50,000 WORDS"
2015-11-05,1703,FAD Book 1: Forever and a Day,Mainstream,NaNoWriMo 2015,"50,000 WORDS"
2015-11-06,2152,FAD Book 1: Forever and a Day,Mainstream,NaNoWriMo 2015,"50,000 WORDS"
2015-11-07,1762,FAD Book 1: Forever and a Day,Mainstream,NaNoWriMo 2015,"50,000 WORDS"
2015-11-08,2804,FAD Book 1: Forever and a Day,Mainstream,NaNoWriMo 2015,"50,000 WORDS"
2015-11-09,2037,FAD Book 1: Forever and a Day,Mainstream,NaNoWriMo 2015,"50,000 WORDS"
2015-11-10,3104,FAD Book 1: Forever and a Day,Mainstream,NaNoWriMo 2015,"50,000 WORDS"
2015-11-11,2118,FAD Book 1: Forever and a Day,Mainstream,NaNoWriMo 2015,"50,000 WORDS"
2015-11-12,2699,FAD Book 1: Forever and a Day,Mainstream,NaNoWriMo 2015,"50,000 WORDS"
2015-11-13,3646,FAD Book 1: Forever and a Day,Mainstream,NaNoWriMo 2015,"50,000 WORDS"
2015-11-14,2356,FAD Book 1: Forever and a Day,Mainstream,NaNoWriMo 2015,"50,000 WORDS"
2015-11-15,2025,FAD Book 1: Forever and a Day,Mainstream,NaNoWriMo 2015,"50,000 WORDS"
2015-11-16,6974,FAD Book 1: Forever and a Day,Mainstream,NaNoWriMo 2015,"50,000 WORDS"
2015-11-17,1021,FAD Book 1: Forever and a Day,Mainstream,NaNoWriMo 2015,"50,000 WORDS"
2015-11-21,2143,FAD Book 1: Forever and a Day,Mainstream,NaNoWriMo 2015,"50,000 WORDS"
2015-11-22,1274,FAD Book 1: Forever and a Day,Mainstream,NaNoWriMo 2015,"50,000 WORDS"
2015-11-25,5519,FAD Book 1: Forever and a Day,Mainstream,NaNoWriMo 2015,"50,000 WORDS"
2015-11-28,1075,FAD Book 1: Forever and a Day,Mainstream,NaNoWriMo 2015,"50,000 WORDS"
2015-03-31,2342,Day and Night,Young Adult,Camp NaNoWriMo April 2015,"25,000 WORDS"
2015-04-01,1165,Day and Night,Young Adult,Camp NaNoWriMo April 2015,"25,000 WORDS"
2015-04-02,1550,Day and Night,Young Adult,Camp NaNoWriMo April 2015,"25,000 WORDS"
2015-04-03,1948,Day and Night,Young Adult,Camp NaNoWriMo April 2015,"25,000 WORDS"
2015-04-04,1504,Day and Night,Young Adult,Camp NaNoWriMo April 2015,"25,000 WORDS"
2015-04-06,2078,Day and Night,Young Adult,Camp NaNoWriMo April 2015,"25,000 WORDS"
2015-04-07,582,Day and Night,Young Adult,Camp NaNoWriMo April 2015,"25,000 WORDS"
2015-04-08,352,Day and Night,Young Adult,Camp NaNoWriMo April 2015,"25,000 WORDS"
2015-04-09,504,Day and Night,Young Adult,Camp NaNoWriMo April 2015,"25,000 WORDS"
2015-04-10,1287,Day and Night,Young Adult,Camp NaNoWriMo April 2015,"25,000 WORDS"
2015-04-11,216,Day and Night,Young Adult,Camp NaNoWriMo April 2015,"25,000 WORDS"
2015-04-13,0,Day and Night,Young Adult,Camp NaNoWriMo April 2015,"25,000 WORDS"
2015-04-21,905,Day and Night,Young Adult,Camp NaNoWriMo April 2015,"25,000 WORDS"
2014-11-01,9003,Helter Skelter Kids,Adventure,NaNoWriMo 2014,"50,000 WORDS"
2014-11-02,4326,Helter Skelter Kids,Adventure,NaNoWriMo 2014,"50,000 WORDS"
2014-11-03,2752,Helter Skelter Kids,Adventure,NaNoWriMo 2014,"50,000 WORDS"
2014-11-04,2170,Helter Skelter Kids,Adventure,NaNoWriMo 2014,"50,000 WORDS"
2014-11-05,2018,Helter Skelter Kids,Adventure,NaNoWriMo 2014,"50,000 WORDS"
2014-11-06,1065,Helter Skelter Kids,Adventure,NaNoWriMo 2014,"50,000 WORDS"
2014-11-07,2207,Helter Skelter Kids,Adventure,NaNoWriMo 2014,"50,000 WORDS"
2014-11-08,2004,Helter Skelter Kids,Adventure,NaNoWriMo 2014,"50,000 WORDS"
2014-11-09,1046,Helter Skelter Kids,Adventure,NaNoWriMo 2014,"50,000 WORDS"
2014-11-10,2442,Helter Skelter Kids,Adventure,NaNoWriMo 2014,"50,000 WORDS"
2014-11-11,1007,Helter Skelter Kids,Adventure,NaNoWriMo 2014,"50,000 WORDS"
2014-11-12,549,Helter Skelter Kids,Adventure,NaNoWriMo 2014,"50,000 WORDS"
2014-11-13,2601,Helter Skelter Kids,Adventure,NaNoWriMo 2014,"50,000 WORDS"
2014-11-14,588,Helter Skelter Kids,Adventure,NaNoWriMo 2014,"50,000 WORDS"
2014-11-15,1338,Helter Skelter Kids,Adventure,NaNoWriMo 2014,"50,000 WORDS"
2014-11-16,0,Helter Skelter Kids,Adventure,NaNoWriMo 2014,"50,000 WORDS"
2014-11-17,1042,Helter Skelter Kids,Adventure,NaNoWriMo 2014,"50,000 WORDS"
2014-11-18,0,Helter Skelter Kids,Adventure,NaNoWriMo 2014,"50,000 WORDS"
2014-11-19,0,Helter Skelter Kids,Adventure,NaNoWriMo 2014,"50,000 WORDS"
2014-11-20,2096,Helter Skelter Kids,Adventure,NaNoWriMo 2014,"50,000 WORDS"
2014-11-21,0,Helter Skelter Kids,Adventure,NaNoWriMo 2014,"50,000 WORDS"
2014-11-22,281,Helter Skelter Kids,Adventure,NaNoWriMo 2014,"50,000 WORDS"
2014-11-23,0,Helter Skelter Kids,Adventure,NaNoWriMo 2014,"50,000 WORDS"
2014-11-26,2640,Helter Skelter Kids,Adventure,NaNoWriMo 2014,"50,000 WORDS"
2014-11-27,2837,Helter Skelter Kids,Adventure,NaNoWriMo 2014,"50,000 WORDS"
2014-11-28,6131,Helter Skelter Kids,Adventure,NaNoWriMo 2014,"50,000 WORDS"
2014-03-31,0,Ad Libitum,Mainstream,Camp NaNoWriMo April 2014,"25,000 WORDS"
2014-04-01,0,Ad Libitum,Mainstream,Camp NaNoWriMo April 2014,"25,000 WORDS"
2014-04-02,0,Ad Libitum,Mainstream,Camp NaNoWriMo April 2014,"25,000 WORDS"
2014-04-03,3060,Ad Libitum,Mainstream,Camp NaNoWriMo April 2014,"25,000 WORDS"
2014-04-04,2647,Ad Libitum,Mainstream,Camp NaNoWriMo April 2014,"25,000 WORDS"
2014-04-05,3893,Ad Libitum,Mainstream,Camp NaNoWriMo April 2014,"25,000 WORDS"
2014-04-06,6373,Ad Libitum,Mainstream,Camp NaNoWriMo April 2014,"25,000 WORDS"
2014-04-07,3135,Ad Libitum,Mainstream,Camp NaNoWriMo April 2014,"25,000 WORDS"
2014-04-08,6149,Ad Libitum,Mainstream,Camp NaNoWriMo April 2014,"25,000 WORDS"
2014-04-09,0,Ad Libitum,Mainstream,Camp NaNoWriMo April 2014,"25,000 WORDS"
2014-04-10,0,Ad Libitum,Mainstream,Camp NaNoWriMo April 2014,"25,000 WORDS"
2014-04-11,2482,Ad Libitum,Mainstream,Camp NaNoWriMo April 2014,"25,000 WORDS"
2014-04-12,452,Ad Libitum,Mainstream,Camp NaNoWriMo April 2014,"25,000 WORDS"
2014-04-13,2072,Ad Libitum,Mainstream,Camp NaNoWriMo April 2014,"25,000 WORDS"
2014-04-14,0,Ad Libitum,Mainstream,Camp NaNoWriMo April 2014,"25,000 WORDS"
2014-04-15,0,Ad Libitum,Mainstream,Camp NaNoWriMo April 2014,"25,000 WORDS"
2014-04-16,0,Ad Libitum,Mainstream,Camp NaNoWriMo April 2014,"25,000 WORDS"
2014-04-17,0,Ad Libitum,Mainstream,Camp NaNoWriMo April 2014,"25,000 WORDS"
2014-04-18,0,Ad Libitum,Mainstream,Camp NaNoWriMo April 2014,"25,000 WORDS"
2014-04-19,0,Ad Libitum,Mainstream,Camp NaNoWriMo April 2014,"25,000 WORDS"
2014-04-20,602,Ad Libitum,Mainstream,Camp NaNoWriMo April 2014,"25,000 WORDS"
2014-04-21,878,Ad Libitum,Mainstream,Camp NaNoWriMo April 2014,"25,000 WORDS"
2014-04-22,0,Ad Libitum,Mainstream,Camp NaNoWriMo April 2014,"25,000 WORDS"
2014-04-23,0,Ad Libitum,Mainstream,Camp NaNoWriMo April 2014,"25,000 WORDS"
2014-04-24,322,Ad Libitum,Mainstream,Camp NaNoWriMo April 2014,"25,000 WORDS"
2014-04-25,1085,Ad Libitum,Mainstream,Camp NaNoWriMo April 2014,"25,000 WORDS"
2014-04-26,668,Ad Libitum,Mainstream,Camp NaNoWriMo April 2014,"25,000 WORDS"
2013-11-01,1133,Trigger Treat,"Mystery, Thriller & Suspense",NaNoWriMo 2013,"50,000 WORDS"
2013-11-02,2512,Trigger Treat,"Mystery, Thriller & Suspense",NaNoWriMo 2013,"50,000 WORDS"
2013-11-03,922,Trigger Treat,"Mystery, Thriller & Suspense",NaNoWriMo 2013,"50,000 WORDS"
2013-11-04,183,Trigger Treat,"Mystery, Thriller & Suspense",NaNoWriMo 2013,"50,000 WORDS"
2013-11-05,3616,Trigger Treat,"Mystery, Thriller & Suspense",NaNoWriMo 2013,"50,000 WORDS"
2013-11-06,813,Trigger Treat,"Mystery, Thriller & Suspense",NaNoWriMo 2013,"50,000 WORDS"
2013-11-07,272,Trigger Treat,"Mystery, Thriller & Suspense",NaNoWriMo 2013,"50,000 WORDS"
2013-11-08,221,Trigger Treat,"Mystery, Thriller & Suspense",NaNoWriMo 2013,"50,000 WORDS"
2013-11-09,5341,Trigger Treat,"Mystery, Thriller & Suspense",NaNoWriMo 2013,"50,000 WORDS"
2013-11-10,338,Trigger Treat,"Mystery, Thriller & Suspense",NaNoWriMo 2013,"50,000 WORDS"
2013-11-11,1479,Trigger Treat,"Mystery, Thriller & Suspense",NaNoWriMo 2013,"50,000 WORDS"
2013-11-12,0,Trigger Treat,"Mystery, Thriller & Suspense",NaNoWriMo 2013,"50,000 WORDS"
2013-11-13,1445,Trigger Treat,"Mystery, Thriller & Suspense",NaNoWriMo 2013,"50,000 WORDS"
2013-11-14,0,Trigger Treat,"Mystery, Thriller & Suspense",NaNoWriMo 2013,"50,000 WORDS"
2013-11-15,0,Trigger Treat,"Mystery, Thriller & Suspense",NaNoWriMo 2013,"50,000 WORDS"
2013-11-16,3286,Trigger Treat,"Mystery, Thriller & Suspense",NaNoWriMo 2013,"50,000 WORDS"
2013-11-17,3471,Trigger Treat,"Mystery, Thriller & Suspense",NaNoWriMo 2013,"50,000 WORDS"
2013-11-18,2705,Trigger Treat,"Mystery, Thriller & Suspense",NaNoWriMo 2013,"50,000 WORDS"
2013-11-19,4048,Trigger Treat,"Mystery, Thriller & Suspense",NaNoWriMo 2013,"50,000 WORDS"
2013-11-20,1828,Trigger Treat,"Mystery, Thriller & Suspense",NaNoWriMo 2013,"50,000 WORDS"
2013-11-21,3172,Trigger Treat,"Mystery, Thriller & Suspense",NaNoWriMo 2013,"50,000 WORDS"
2013-11-22,257,Trigger Treat,"Mystery, Thriller & Suspense",NaNoWriMo 2013,"50,000 WORDS"
2013-11-23,1739,Trigger Treat,"Mystery, Thriller & Suspense",NaNoWriMo 2013,"50,000 WORDS"
2013-11-24,1786,Trigger Treat,"Mystery, Thriller & Suspense",NaNoWriMo 2013,"50,000 WORDS"
2013-11-25,5870,Trigger Treat,"Mystery, Thriller & Suspense",NaNoWriMo 2013,"50,000 WORDS"
2013-11-26,3850,Trigger Treat,"Mystery, Thriller & Suspense",NaNoWriMo 2013,"50,000 WORDS"
2013-11-28,186,Trigger Treat,"Mystery, Thriller & Suspense",NaNoWriMo 2013,"50,000 WORDS"
2013-11-29,2010,Trigger Treat,"Mystery, Thriller & Suspense",NaNoWriMo 2013,"50,000 WORDS"
2013-06-30,612,Essence,Horror & Supernatural,Camp NaNoWriMo July 2013,"25,000 WORDS"
2013-07-01,455,Essence,Horror & Supernatural,Camp NaNoWriMo July 2013,"25,000 WORDS"
2013-07-02,0,Essence,Horror & Supernatural,Camp NaNoWriMo July 2013,"25,000 WORDS"
2013-07-03,0,Essence,Horror & Supernatural,Camp NaNoWriMo July 2013,"25,000 WORDS"
2013-07-04,0,Essence,Horror & Supernatural,Camp NaNoWriMo July 2013,"25,000 WORDS"
2013-07-05,0,Essence,Horror & Supernatural,Camp NaNoWriMo July 2013,"25,000 WORDS"
2013-07-06,0,Essence,Horror & Supernatural,Camp NaNoWriMo July 2013,"25,000 WORDS"
2013-07-07,0,Essence,Horror & Supernatural,Camp NaNoWriMo July 2013,"25,000 WORDS"
2013-07-08,0,Essence,Horror & Supernatural,Camp NaNoWriMo July 2013,"25,000 WORDS"
2013-07-09,0,Essence,Horror & Supernatural,Camp NaNoWriMo July 2013,"25,000 WORDS"
2013-07-10,0,Essence,Horror & Supernatural,Camp NaNoWriMo July 2013,"25,000 WORDS"
2013-07-11,0,Essence,Horror & Supernatural,Camp NaNoWriMo July 2013,"25,000 WORDS"
2013-07-12,0,Essence,Horror & Supernatural,Camp NaNoWriMo July 2013,"25,000 WORDS"
2013-07-13,0,Essence,Horror & Supernatural,Camp NaNoWriMo July 2013,"25,000 WORDS"
2013-07-14,2296,Essence,Horror & Supernatural,Camp NaNoWriMo July 2013,"25,000 WORDS"
2013-07-15,1883,Essence,Horror & Supernatural,Camp NaNoWriMo July 2013,"25,000 WORDS"
2013-07-16,993,Essence,Horror & Supernatural,Camp NaNoWriMo July 2013,"25,000 WORDS"
2013-07-17,2919,Essence,Horror & Supernatural,Camp NaNoWriMo July 2013,"25,000 WORDS"
2013-07-18,1827,Essence,Horror & Supernatural,Camp NaNoWriMo July 2013,"25,000 WORDS"
2013-07-19,374,Essence,Horror & Supernatural,Camp NaNoWriMo July 2013,"25,000 WORDS"
2013-07-20,739,Essence,Horror & Supernatural,Camp NaNoWriMo July 2013,"25,000 WORDS"
2013-07-21,3840,Essence,Horror & Supernatural,Camp NaNoWriMo July 2013,"25,000 WORDS"
2013-07-22,2849,Essence,Horror & Supernatural,Camp NaNoWriMo July 2013,"25,000 WORDS"
2013-07-23,0,Essence,Horror & Supernatural,Camp NaNoWriMo July 2013,"25,000 WORDS"
2013-07-24,0,Essence,Horror & Supernatural,Camp NaNoWriMo July 2013,"25,000 WORDS"
2013-07-25,1348,Essence,Horror & Supernatural,Camp NaNoWriMo July 2013,"25,000 WORDS"
2012-10-08,0,Outbreak,Horror & Supernatural,NaNoWriMo 2012,"50,000 WORDS"
2012-11-01,2321,Outbreak,Horror & Supernatural,NaNoWriMo 2012,"50,000 WORDS"
2012-11-02,717,Outbreak,Horror & Supernatural,NaNoWriMo 2012,"50,000 WORDS"
2012-11-03,909,Outbreak,Horror & Supernatural,NaNoWriMo 2012,"50,000 WORDS"
2012-11-05,1134,Outbreak,Horror & Supernatural,NaNoWriMo 2012,"50,000 WORDS"
2011-11-01,4172,The Redemption of the Renegades,Adventure,NaNoWriMo 2011,"50,000 WORDS"
2011-11-02,2708,The Redemption of the Renegades,Adventure,NaNoWriMo 2011,"50,000 WORDS"
2011-11-03,2155,The Redemption of the Renegades,Adventure,NaNoWriMo 2011,"50,000 WORDS"
2011-11-04,686,The Redemption of the Renegades,Adventure,NaNoWriMo 2011,"50,000 WORDS"
2011-11-05,1991,The Redemption of the Renegades,Adventure,NaNoWriMo 2011,"50,000 WORDS"
2011-11-06,2471,The Redemption of the Renegades,Adventure,NaNoWriMo 2011,"50,000 WORDS"
2011-11-07,264,The Redemption of the Renegades,Adventure,NaNoWriMo 2011,"50,000 WORDS"
2011-11-08,557,The Redemption of the Renegades,Adventure,NaNoWriMo 2011,"50,000 WORDS"
2011-11-09,1289,The Redemption of the Renegades,Adventure,NaNoWriMo 2011,"50,000 WORDS"
2011-11-10,526,The Redemption of the Renegades,Adventure,NaNoWriMo 2011,"50,000 WORDS"
2011-11-11,318,The Redemption of the Renegades,Adventure,NaNoWriMo 2011,"50,000 WORDS"
2011-11-12,2865,The Redemption of the Renegades,Adventure,NaNoWriMo 2011,"50,000 WORDS"
2011-11-13,812,The Redemption of the Renegades,Adventure,NaNoWriMo 2011,"50,000 WORDS"
2011-11-14,1328,The Redemption of the Renegades,Adventure,NaNoWriMo 2011,"50,000 WORDS"
2011-11-15,298,The Redemption of the Renegades,Adventure,NaNoWriMo 2011,"50,000 WORDS"
2011-11-18,0,The Redemption of the Renegades,Adventure,NaNoWriMo 2011,"50,000 WORDS"
2011-11-20,131,The Redemption of the Renegades,Adventure,NaNoWriMo 2011,"50,000 WORDS"
2011-11-21,367,The Redemption of the Renegades,Adventure,NaNoWriMo 2011,"50,000 WORDS"
2010-11-29,4050,Perfection,Mainstream Fiction,NaNoWriMo 2010,"50,000 WORDS"
2009-11-29,50008,"New Friends, New Graveyards",Young Adult & Youth,NaNoWriMo 2009,"50,000 WORDS"
2008-11-29,52048,Alexander Street,Young Adult & Youth,NaNoWriMo 2008,"50,000 WORDS"
